Coordinates,Pair,Species,Genus,Family,Strategy,Plant,Sample,Original mass,Dry mass,Volume,Density,Moisture ,Ignition_Time,Obs_Burn_Time,Burn_Time,Completion,Completion_binary,Dry mass reading,Tape Mass,Comments
"35°32'45.7""S 150°22'20.2""E",3,Hakea_eriantha,Hakea,Proteaceae,Seeder,1,1,0.6,0.28,0.5,0.56,0.32,11.92,63,51.08,complete,1,0.34,0.06,
"35°32'45.7""S 150°22'20.2""E",3,Hakea_eriantha,Hakea,Proteaceae,Seeder,1,2,0.61,0.29,0.49,0.591836735,0.32,1.52,43,41.48,complete,1,0.34,0.05,
"35°32'45.0""S 150°22'11.6""E",3,Hakea_eriantha,Hakea,Proteaceae,Seeder,2,1,0.61,0.32,0.52,0.615384615,0.29,1.49,90,88.51,complete,1,0.34,0.02,
"35°32'45.0""S 150°22'11.6""E",3,Hakea_eriantha,Hakea,Proteaceae,Seeder,2,2,0.78,0.67,0.93,0.720430108,0.11,0,74,74,complete,1,0.72,0.05,
"35°32'45.0""S 150°22'11.6""E",3,Hakea_eriantha,Hakea,Proteaceae,Seeder,2,3,0.33,0.24,0.37,0.648648649,0.09,3.19,48,44.81,complete,1,0.28,0.04,
"35°32'45.0""S 150°22'11.6""E",3,Hakea_eriantha,Hakea,Proteaceae,Seeder,2,4,0.53,0.23,0.46,0.5,0.3,3.45,46,42.55,complete,1,0.28,0.05,
"35°32'45.0""S 150°22'11.6""E",3,Hakea_eriantha,Hakea,Proteaceae,Seeder,2,5,0.49,0.23,0.39,0.58974359,0.26,4.58,66,61.42,complete,1,0.3,0.07,
"35°32'44.5""S 150°22'10.6""E",3,Hakea_eriantha,Hakea,Proteaceae,Seeder,3,1,0.31,0.26,0.35,0.742857143,0.05,0,47,47,complete,1,0.3,0.04,
"35°32'44.5""S 150°22'10.6""E",3,Hakea_eriantha,Hakea,Proteaceae,Seeder,3,2,0.63,0.29,0.54,0.537037037,0.34,1.68,85,83.32,complete,1,0.34,0.05,
"35°32'44.5""S 150°22'10.6""E",3,Hakea_eriantha,Hakea,Proteaceae,Seeder,3,3,0.42,0.21,0.34,0.617647059,0.21,1.28,86,84.72,complete,1,0.25,0.04,
"35°32'44.5""S 150°22'10.6""E",3,Hakea_eriantha,Hakea,Proteaceae,Seeder,3,5,0.51,0.24,0.42,0.571428571,0.27,1.78,62,60.22,complete,1,0.3,0.06,
"35°32'44.5""S 150°22'10.4""E",3,Hakea_eriantha,Hakea,Proteaceae,Seeder,4,2,0.47,0.24,0.4,0.6,0.23,0,49,49,complete,1,0.27,0.03,
"35°32'44.5""S 150°22'10.4""E",3,Hakea_eriantha,Hakea,Proteaceae,Seeder,4,3,0.27,0.11,0.23,0.47826087,0.16,1.27,27,25.73,complete,1,0.16,0.05,
"35°32'44.5""S 150°22'10.4""E",3,Hakea_eriantha,Hakea,Proteaceae,Seeder,4,4,0.38,0.17,0.32,0.53125,0.21,1.39,43,41.61,complete,1,0.23,0.06,
"35°32'44.8""S 150°22'10.4""E",3,Hakea_eriantha,Hakea,Proteaceae,Seeder,5,1,0.54,0.26,0.45,0.577777778,0.28,1.02,53,51.98,complete,1,0.32,0.06,
"35°32'44.8""S 150°22'10.4""E",3,Hakea_eriantha,Hakea,Proteaceae,Seeder,5,2,0.52,0.23,0.42,0.547619048,0.29,1.53,53,51.47,complete,1,0.32,0.09,
"35°32'44.8""S 150°22'10.4""E",3,Hakea_eriantha,Hakea,Proteaceae,Seeder,5,3,0.69,0.35,0.58,0.603448276,0.34,1.56,53,51.44,complete,1,0.4,0.05,
"35°32'44.8""S 150°22'10.4""E",3,Hakea_eriantha,Hakea,Proteaceae,Seeder,5,4,0.64,0.34,0.57,0.596491228,0.3,3.02,50,46.98,complete,1,0.38,0.04,
"35°32'44.8""S 150°22'10.4""E",3,Hakea_eriantha,Hakea,Proteaceae,Seeder,5,5,1.7,1,1.5,0.666666667,0.7,4.7,112,107.3,complete,1,1.07,0.07,
"35°32'38.4""S 150°21'54.5""E",6,Hibbertia_dentata,Hibbertia,Dilleniaceae,Resprouter,1,5,0.45,0.16,0.45,0.355555556,0.29,0,37,37,complete,1,0.18,0.02,fell off because top burnt first #stupidstick - fire jumps up highly flammable bark a lot
"35°32'38.4""S 150°21'54.5""E",6,Hibbertia_dentata,Hibbertia,Dilleniaceae,Resprouter,2,2,0.05,0.04,0.11,0.363636364,0.01,0,9,9,complete,1,0.08,0.04,
"35°32'42.2""S 150°22'38.0""E",6,Hibbertia_obtusifolia,Hibbertia,Dilleniaceae,Seeder,2,4,0.12,0.05,0.11,0.454545455,0.07,0,23.58,23.58,complete,1,0.11,0.06,
"35°32'42.2""S 150°22'38.0""E",6,Hibbertia_obtusifolia,Hibbertia,Dilleniaceae,Seeder,2,5,0.22,0.11,0.2,0.55,0.11,4.93,30.95,26.02,complete,1,0.17,0.06,
"35°32'42.2""S 150°22'38.0""E",6,Hibbertia_obtusifolia,Hibbertia,Dilleniaceae,Seeder,3,2,0.26,0.13,0.23,0.565217391,0.13,1.33,33.94,32.61,complete,1,0.2,0.07,
"35°32'42.2""S 150°22'38.0""E",6,Hibbertia_obtusifolia,Hibbertia,Dilleniaceae,Seeder,3,3,0.24,0.11,0.21,0.523809524,0.13,2.69,138.2,135.51,complete,1,0.2,0.09,
"35°32'42.2""S 150°22'38.0""E",6,Hibbertia_obtusifolia,Hibbertia,Dilleniaceae,Seeder,4,3,0.18,0.13,0.16,0.8125,0.05,0.85,25.63,24.78,complete,1,0.18,0.05,
"35°32'42.3""S 150°22'38.3""E",6,Hibbertia_obtusifolia,Hibbertia,Dilleniaceae,Seeder,5,2,0.28,0.15,0.24,0.625,0.13,1.73,41.7,39.97,complete,1,0.2,0.05,
"35°32'32.5""S 150°23'05.6""E",5,Kunzea_ambigua,Kunzea,Myrtaceae,Seeder,1,2,0.12,0.05,0.11,0.454545455,0.07,0,10,10,complete,1,0.15,0.1,
"35°32'32.5""S 150°23'05.6""E",5,Kunzea_ambigua,Kunzea,Myrtaceae,Seeder,1,3,0.13,0.06,0.12,0.5,0.07,1.14,10,8.86,complete,1,0.15,0.09,
"35°32'32.5""S 150°23'05.6""E",5,Kunzea_ambigua,Kunzea,Myrtaceae,Seeder,1,4,0.13,0.04,0.09,0.444444444,0.09,0,10,10,complete,1,0.14,0.1,
"35°32'32.5""S 150°23'05.6""E",5,Kunzea_ambigua,Kunzea,Myrtaceae,Seeder,1,5,0.11,0.05,0.09,0.555555556,0.06,14,24,10,complete,1,0.1,0.05,
"35°32'32.5""S 150°23'05.6""E",5,Kunzea_ambigua,Kunzea,Myrtaceae,Seeder,2,2,0.1,0.05,0.09,0.555555556,0.05,2.86,19,16.14,complete,1,0.15,0.1,
"35°32'32.5""S 150°23'05.6""E",5,Kunzea_ambigua,Kunzea,Myrtaceae,Seeder,2,3,0.09,0.04,0.08,0.5,0.05,0,18,18,complete,1,0.15,0.11,
"35°32'32.5""S 150°23'05.6""E",5,Kunzea_ambigua,Kunzea,Myrtaceae,Seeder,2,4,0.12,0.05,0.11,0.454545455,0.07,25.43,37,11.57,complete,1,0.16,0.11,
"35°32'32.5""S 150°23'05.6""E",5,Kunzea_ambigua,Kunzea,Myrtaceae,Seeder,2,5,0.11,0.05,0.08,0.625,0.06,1.13,32,30.87,complete,1,0.12,0.07,
"35°32'27.8""S 150°23'06.3""E",5,Kunzea_ambigua,Kunzea,Myrtaceae,Seeder,3,2,0.06,0.03,0.05,0.6,0.03,0,18,18,complete,1,0.14,0.11,
"35°32'27.8""S 150°23'06.3""E",5,Kunzea_ambigua,Kunzea,Myrtaceae,Seeder,3,3,0.06,0.03,0.03,1,0.03,0,14,14,complete,1,0.12,0.09,
"35°32'27.8""S 150°23'06.3""E",5,Kunzea_ambigua,Kunzea,Myrtaceae,Seeder,3,5,0.07,0.02,0.04,0.5,0.05,0,30,30,complete,1,0.11,0.09,
"35°32'29.2""S 150°23'06.0""E",5,Kunzea_ambigua,Kunzea,Myrtaceae,Seeder,4,2,0.07,0.03,0.06,0.5,0.04,2.21,12,9.79,complete,1,0.12,0.09,
"35°32'29.2""S 150°23'06.0""E",5,Kunzea_ambigua,Kunzea,Myrtaceae,Seeder,4,3,0.11,0.05,0.09,0.555555556,0.06,4.38,34,29.62,complete,1,0.16,0.11,
"35°32'29.2""S 150°23'06.0""E",5,Kunzea_ambigua,Kunzea,Myrtaceae,Seeder,4,4,0.09,0.04,0.06,0.666666667,0.05,5.84,37,31.16,complete,1,0.13,0.09,
"35°32'29.2""S 150°23'06.0""E",5,Kunzea_ambigua,Kunzea,Myrtaceae,Seeder,4,5,0.12,0.06,0.09,0.666666667,0.06,1.36,29,27.64,complete,1,0.14,0.08,
"35°32'29.2""S 150°23'06.0""E",5,Kunzea_ambigua,Kunzea,Myrtaceae,Seeder,5,2,0.18,0.07,0.14,0.5,0.11,1.75,35,33.25,complete,1,0.15,0.08,
"35°32'29.2""S 150°23'06.0""E",5,Kunzea_ambigua,Kunzea,Myrtaceae,Seeder,5,3,0.13,0.08,0.1,0.8,0.05,0,23,23,complete,1,0.15,0.07,
"35°32'29.2""S 150°23'06.0""E",5,Kunzea_ambigua,Kunzea,Myrtaceae,Seeder,5,5,0.09,0.04,0.06,0.666666667,0.05,0,15,15,complete,1,0.11,0.07,
"35°32'28.9""S 150°23'07.0""E",5,Leptospermum_polygalifolium,Leptospermum,Myrtaceae,Resprouter,1,2,0.14,0.07,0.14,0.5,0.07,0,20,20,complete,1,0.12,0.05,
"35°32'28.9""S 150°23'07.0""E",5,Leptospermum_polygalifolium,Leptospermum,Myrtaceae,Resprouter,2,1,0.16,0.08,0.15,0.533333333,0.08,0.7,38,37.3,complete,1,0.13,0.05,
"35°32'28.9""S 150°23'07.0""E",5,Leptospermum_polygalifolium,Leptospermum,Myrtaceae,Resprouter,2,2,0.39,0.22,0.34,0.647058824,0.17,0.2,41,40.8,complete,1,0.26,0.04,
"35°32'28.9""S 150°23'07.0""E",5,Leptospermum_polygalifolium,Leptospermum,Myrtaceae,Resprouter,2,3,0.26,0.13,0.19,0.684210526,0.13,0,17,17,complete,1,0.18,0.05,
"35°32'28.9""S 150°23'07.0""E",5,Leptospermum_polygalifolium,Leptospermum,Myrtaceae,Resprouter,2,4,0.21,0.1,0.17,0.588235294,0.11,1.17,42,40.83,complete,1,0.16,0.06,
"35°32'28.9""S 150°23'07.0""E",5,Leptospermum_polygalifolium,Leptospermum,Myrtaceae,Resprouter,2,5,0.21,0.11,0.18,0.611111111,0.1,0.5,17,16.5,complete,1,0.15,0.04,
"35°32'28.9""S 150°23'07.0""E",5,Leptospermum_polygalifolium,Leptospermum,Myrtaceae,Resprouter,3,2,0.15,0.09,0.12,0.75,0.06,0,18,18,complete,1,0.14,0.05,
"35°32'28.9""S 150°23'07.0""E",5,Leptospermum_polygalifolium,Leptospermum,Myrtaceae,Resprouter,3,3,0.13,0.08,0.13,0.615384615,0.05,0,34,34,complete,1,0.14,0.06,
"35°32'28.7""S 150°23'06.1""E",5,Leptospermum_polygalifolium,Leptospermum,Myrtaceae,Resprouter,4,1,0.17,0.09,0.14,0.642857143,0.08,0.92,43,42.08,complete,1,0.14,0.05,
"35°32'28.7""S 150°23'06.1""E",5,Leptospermum_polygalifolium,Leptospermum,Myrtaceae,Resprouter,4,2,0.14,0.06,0.13,0.461538462,0.08,0.4,13,12.6,complete,1,0.1,0.04,
"35°32'28.9""S 150°23'07.0""E",5,Leptospermum_polygalifolium,Leptospermum,Myrtaceae,Resprouter,5,1,0.15,0.07,0.12,0.583333333,0.08,0.37,14,13.63,complete,1,0.12,0.05,
"35°32'45.2""S 150°23'20.2""E",2,Leucopogon_juniperinus,Leucopogon,Ericaceae,Seeder,1,4,0.27,0.21,0.21,1,0.06,1.42,42,40.58,complete,1,0.23,0.02,
"35°32'45.2""S 150°23'20.2""E",2,Leucopogon_juniperinus,Leucopogon,Ericaceae,Seeder,1,5,0.26,0.17,0.21,0.80952381,0.09,0.53,32,31.47,complete,1,0.17,0,
"35°32'45.7""S 150°22'20.1""E",2,Leucopogon_juniperinus,Leucopogon,Ericaceae,Seeder,2,1,0.55,0.35,0.52,0.673076923,0.2,1.92,32,30.08,complete,1,0.44,0.09,
"35°32'45.1""S 150°22'20.3""E",2,Leucopogon_juniperinus,Leucopogon,Ericaceae,Seeder,4,1,0.23,0.12,0.17,0.705882353,0.11,1.74,87,85.26,complete,1,0.17,0.05,
"35°32'45.1""S 150°22'20.3""E",2,Leucopogon_juniperinus,Leucopogon,Ericaceae,Seeder,4,2,0.35,0.21,0.28,0.75,0.14,3.15,116,112.85,complete,1,0.26,0.05,
"35°32'45.1""S 150°22'20.3""E",2,Leucopogon_juniperinus,Leucopogon,Ericaceae,Seeder,4,5,0.17,0.11,0.13,0.846153846,0.06,1.95,50,48.05,complete,1,0.16,0.05,
"35°32'45.1""S 150°22'20.2""E",2,Leucopogon_juniperinus,Leucopogon,Ericaceae,Seeder,5,1,0.23,0.13,0.2,0.65,0.1,0.46,108,107.54,complete,1,0.17,0.04,
"35°32'45.1""S 150°22'20.2""E",2,Leucopogon_juniperinus,Leucopogon,Ericaceae,Seeder,5,4,0.37,0.22,0.33,0.666666667,0.15,0.6,149,148.4,complete,1,0.28,0.06,
"35°32'39.3""S 150°23'06.1""E",2,Leucopogon_parvifloris,Leucopogon,Ericaceae,Resprouter,1,1,0.35,0.18,0.31,0.580645161,0.17,2.24,32,29.76,complete,1,0.23,0.05,
"35°32'37.7""S 150°23'03.8""E",1,Melaleuca_ericifolia,Melaleuca,Myrtaceae,Resprouter,1,2,0.12,0.07,0.1,0.7,0.05,3.71,44,40.29,complete,1,0.09,0.02,
"35°32'37.7""S 150°23'03.8""E",1,Melaleuca_ericifolia,Melaleuca,Myrtaceae,Resprouter,1,3,0.06,0.04,0.04,1,0.02,3.81,26,22.19,complete,1,0.06,0.02,
"35°32'37.7""S 150°23'03.8""E",1,Melaleuca_ericifolia,Melaleuca,Myrtaceae,Resprouter,1,4,0.08,0.06,0.08,0.75,0.02,0,24,24,complete,1,0.08,0.02,
"35°32'37.7""S 150°23'03.8""E",1,Melaleuca_ericifolia,Melaleuca,Myrtaceae,Resprouter,1,5,0.1,0.07,0.08,0.875,0.03,0,39,39,complete,1,0.09,0.02,
"35°32'37.6""S 150°23'03.8""E",1,Melaleuca_ericifolia,Melaleuca,Myrtaceae,Resprouter,2,1,0.08,0.04,0.06,0.666666667,0.04,0.5,140,139.5,complete,1,0.08,0.04,
"35°32'37.6""S 150°23'03.8""E",1,Melaleuca_ericifolia,Melaleuca,Myrtaceae,Resprouter,2,2,0.16,0.07,0.13,0.538461538,0.09,1.46,26,24.54,complete,1,0.12,0.05,
"35°32'37.6""S 150°23'03.8""E",1,Melaleuca_ericifolia,Melaleuca,Myrtaceae,Resprouter,2,4,0.18,0.08,0.15,0.533333333,0.1,0.92,23,22.08,complete,1,0.11,0.03,
"35°32'37.6""S 150°23'03.8""E",1,Melaleuca_ericifolia,Melaleuca,Myrtaceae,Resprouter,3,1,0.15,0.05,0.14,0.357142857,0.1,0,9,9,complete,1,0.1,0.05,
"35°32'37.6""S 150°23'03.8""E",1,Melaleuca_ericifolia,Melaleuca,Myrtaceae,Resprouter,3,5,0.17,0.11,0.16,0.6875,0.06,1.26,31,29.74,complete,1,0.15,0.04,
"35°32'36.5""S 150°23'04.4""E",1,Melaleuca_ericifolia,Melaleuca,Myrtaceae,Resprouter,4,2,0.09,0.04,0.07,0.571428571,0.05,1.65,54,52.35,complete,1,0.06,0.02,
"35°32'36.5""S 150°23'04.4""E",1,Melaleuca_ericifolia,Melaleuca,Myrtaceae,Resprouter,4,3,0.11,0.04,0.09,0.444444444,0.07,1.86,53,51.14,complete,1,0.07,0.03,
"35°32'36.5""S 150°23'04.4""E",1,Melaleuca_ericifolia,Melaleuca,Myrtaceae,Resprouter,4,5,0.13,0.06,0.09,0.666666667,0.07,2.61,54,51.39,complete,1,0.08,0.02,
"35°32'37.2""S 150°23'04.1""E",1,Melaleuca_hypericifolia,Melaleuca,Myrtaceae,Seeder,2,4,0.13,0.07,0.12,0.583333333,0.06,0.5,28,27.5,complete,1,0.09,0.02,
"35°32'37.2""S 150°23'04.1""E",1,Melaleuca_hypericifolia,Melaleuca,Myrtaceae,Seeder,3,1,0.21,0.1,0.18,0.555555556,0.11,7.24,62,54.76,complete,1,0.12,0.02,
"35°32'44.3""S 150°22'07.6""E",3,Persoonia_linearis,Persoonia,Proteaceae,Resprouter,1,1,0.55,0.22,0.53,0.41509434,0.33,5.3,49,43.7,complete,1,0.29,0.07,
"35°32'43.7""S 150°22'05.9""E",3,Persoonia_linearis,Persoonia,Proteaceae,Resprouter,2,3,0.4,0.16,0.51,0.31372549,0.24,10.39,50,39.61,complete,1,0.22,0.06,
"35°32'43.7""S 150°22'05.9""E",3,Persoonia_linearis,Persoonia,Proteaceae,Resprouter,2,5,0.52,0.24,0.48,0.5,0.28,1.73,36,34.27,complete,1,0.3,0.06,
"35°32'43.4""S 150°22'03.4""E",3,Persoonia_linearis,Persoonia,Proteaceae,Resprouter,3,1,0.52,0.23,0.47,0.489361702,0.29,1.66,51,49.34,complete,1,0.29,0.06,
"35°32'38.7""S 150°21'56.9""E",3,Persoonia_linearis,Persoonia,Proteaceae,Resprouter,4,4,0.46,0.2,0.44,0.454545455,0.26,4.06,47,42.94,complete,1,0.29,0.09,
"35°32'38.7""S 150°21'56.9""E",3,Persoonia_linearis,Persoonia,Proteaceae,Resprouter,4,5,0.69,0.33,0.66,0.5,0.36,6.92,67,60.08,complete,1,0.41,0.08,
"35°32'37.9""S 150°21'52.4""E",3,Persoonia_linearis,Persoonia,Proteaceae,Resprouter,5,5,0.44,0.2,0.39,0.512820513,0.24,14.98,51,36.02,complete,1,0.28,0.08,
"35°32'40.1""S 150°23'01.1""E",4,Pittosporum_revolutum,Pittosporum,Pittosporaceae,Seeder,3,1,1.3,0.35,1.11,0.315315315,0.95,1.7,68,68,complete,1,0.38,0.03,
"35°32'40.1""S 150°23'01.1""E",4,Pittosporum_revolutum,Pittosporum,Pittosporaceae,Seeder,3,2,0.94,0.5,0.78,0.641025641,0.44,3.66,58,58,complete,1,0.53,0.03,
"35°32'39.9""S 150°23'02.1""E",4,Pittosporum_undulatum,Pittosporum,Pittosporaceae,Resprouter,4,2,1.63,0.99,1.62,0.611111111,0.64,3.12,77,73.88,complete,1,1.02,0.03,
"35°32'39.5""S 150°23'06.6""E",7,Acacia_longifolia,Acacia,Fabaceae,Seeder,1,1,1.02,0.51,0.9,0.566666667,0.51,7,40,33,incomplete,0,0.56,0.05,
"35°32'39.5""S 150°23'06.6""E",7,Acacia_longifolia,Acacia,Fabaceae,Seeder,1,2,1.15,0.64,1,0.64,0.51,26,188,162,incomplete,0,0.66,0.02,
"35°32'39.5""S 150°23'06.6""E",7,Acacia_longifolia,Acacia,Fabaceae,Seeder,1,3,0.82,0.44,0.72,0.611111111,0.38,2.7,26.19,23.49,incomplete,0,0.47,0.03,
"35°32'39.5""S 150°23'06.6""E",7,Acacia_longifolia,Acacia,Fabaceae,Seeder,1,4,0.91,0.49,0.82,0.597560976,0.42,2.29,74.99,72.7,incomplete,0,0.53,0.04,
"35°32'39.5""S 150°23'06.6""E",7,Acacia_longifolia,Acacia,Fabaceae,Seeder,1,5,0.85,0.44,0.75,0.586666667,0.41,2.72,86.37,83.65,incomplete,0,0.49,0.05,
"35°32'39.9""S 150°23'06.9""E",7,Acacia_longifolia,Acacia,Fabaceae,Seeder,2,1,1.6,0.79,1.42,0.556338028,0.81,0,130.41,130.41,incomplete,0,0.84,0.05,
"35°32'39.9""S 150°23'06.9""E",7,Acacia_longifolia,Acacia,Fabaceae,Seeder,2,2,1.34,0.63,1.39,0.45323741,0.71,2.8,100,97.2,incomplete,0,0.67,0.04,#leaflitterpower
"35°32'39.9""S 150°23'06.9""E",7,Acacia_longifolia,Acacia,Fabaceae,Seeder,2,3,1.36,0.65,1.2,0.541666667,0.71,10.61,73.46,62.85,incomplete,0,0.71,0.06,
"35°32'39.9""S 150°23'06.9""E",7,Acacia_longifolia,Acacia,Fabaceae,Seeder,2,4,1.22,0.58,1.1,0.527272727,0.64,1.46,191,189.54,incomplete,0,0.63,0.05,
"35°32'39.9""S 150°23'06.9""E",7,Acacia_longifolia,Acacia,Fabaceae,Seeder,2,5,1.72,0.82,1.53,0.535947712,0.9,1.94,170.36,168.42,incomplete,0,0.87,0.05,
"35°32'39.8""S 150°23'07.7""E",7,Acacia_longifolia,Acacia,Fabaceae,Seeder,3,1,0.93,0.4,0.81,0.49382716,0.53,1.86,93.58,91.72,incomplete,0,0.43,0.03,
"35°32'39.8""S 150°23'07.7""E",7,Acacia_longifolia,Acacia,Fabaceae,Seeder,3,2,1.17,0.47,1.13,0.415929204,0.7,0,78.02,78.02,incomplete,0,0.52,0.05,
"35°32'39.8""S 150°23'07.7""E",7,Acacia_longifolia,Acacia,Fabaceae,Seeder,3,3,0.92,0.37,0.86,0.430232558,0.55,1.56,126.11,124.55,incomplete,0,0.42,0.05,#hit a node and stopped
"35°32'39.8""S 150°23'07.7""E",7,Acacia_longifolia,Acacia,Fabaceae,Seeder,3,4,0.85,0.38,0.76,0.5,0.47,0.52,180,179.48,incomplete,0,0.43,0.05,
"35°32'39.8""S 150°23'07.7""E",7,Acacia_longifolia,Acacia,Fabaceae,Seeder,3,5,0.92,0.44,0.9,0.488888889,0.48,2.35,59.59,57.24,incomplete,0,0.49,0.05,
"35°32'44.4""S 150°23'05.2""E",7,Acacia_longifolia,Acacia,Fabaceae,Seeder,4,1,1.58,0.73,1.48,0.493243243,0.85,3.43,55,51.57,incomplete,0,0.78,0.05,
"35°32'44.4""S 150°23'05.2""E",7,Acacia_longifolia,Acacia,Fabaceae,Seeder,4,2,1.01,0.44,1,0.44,0.57,1.45,100.33,98.88,incomplete,0,0.47,0.03,
"35°32'44.4""S 150°23'05.2""E",7,Acacia_longifolia,Acacia,Fabaceae,Seeder,4,3,1.06,0.37,0.95,0.389473684,0.69,1.34,23.77,22.43,incomplete,0,0.44,0.07,
"35°32'44.4""S 150°23'05.2""E",7,Acacia_longifolia,Acacia,Fabaceae,Seeder,4,4,1.76,0.78,1.64,0.475609756,0.98,1.9,115.76,113.86,incomplete,0,0.84,0.06,
"35°32'44.4""S 150°23'05.2""E",7,Acacia_longifolia,Acacia,Fabaceae,Seeder,4,5,1.03,0.49,0.98,0.5,0.54,4.12,133.88,129.76,incomplete,0,0.55,0.06,
"35°32'44.6""S 150°23'04.6""E",7,Acacia_longifolia,Acacia,Fabaceae,Seeder,5,1,1.17,0.65,1,0.65,0.52,0,65.05,65.05,incomplete,0,0.71,0.06,
"35°32'44.6""S 150°23'04.6""E",7,Acacia_longifolia,Acacia,Fabaceae,Seeder,5,2,1.77,0.98,1.59,0.616352201,0.79,2.65,171.56,168.91,incomplete,0,1.04,0.06,
"35°32'44.6""S 150°23'04.6""E",7,Acacia_longifolia,Acacia,Fabaceae,Seeder,5,3,2.55,1.33,2.22,0.599099099,1.22,1.77,121,119.23,incomplete,0,1.39,0.06,
"35°32'44.6""S 150°23'04.6""E",7,Acacia_longifolia,Acacia,Fabaceae,Seeder,5,4,1.75,1.05,1.47,0.714285714,0.7,3.01,180,176.99,incomplete,0,1.12,0.07,
"35°32'44.6""S 150°23'04.6""E",7,Acacia_longifolia,Acacia,Fabaceae,Seeder,5,5,1.94,1.16,1.61,0.720496894,0.78,3.21,346,342.79,incomplete,0,1.23,0.07,
"35°32'45.7""S 150°22'20.2""E",3,Hakea_eriantha,Hakea,Proteaceae,Seeder,1,3,0.67,0.35,0.54,0.648148148,0.32,3.4,123,119.6,incomplete,0,0.37,0.02,
"35°32'45.7""S 150°22'20.2""E",3,Hakea_eriantha,Hakea,Proteaceae,Seeder,1,4,0.57,0.38,0.52,0.730769231,0.19,16.59,74,57.41,incomplete,0,0.41,0.03,
"35°32'45.7""S 150°22'20.2""E",3,Hakea_eriantha,Hakea,Proteaceae,Seeder,1,5,0.94,0.5,0.78,0.641025641,0.44,4.62,32,27.38,incomplete,0,0.56,0.06,
"35°32'44.5""S 150°22'10.6""E",3,Hakea_eriantha,Hakea,Proteaceae,Seeder,3,4,0.48,0.25,0.42,0.595238095,0.23,1.26,86,84.74,incomplete,0,0.31,0.06,
"35°32'44.5""S 150°22'10.4""E",3,Hakea_eriantha,Hakea,Proteaceae,Seeder,4,1,1.05,0.6,0.92,0.652173913,0.45,4.37,93,88.63,incomplete,0,0.66,0.06,
"35°32'44.5""S 150°22'10.4""E",3,Hakea_eriantha,Hakea,Proteaceae,Seeder,4,5,0.3,0.16,0.26,0.615384615,0.14,1.35,50,48.65,incomplete,0,0.2,0.04,
"35°32'38.4""S 150°21'54.5""E",6,Hibbertia_dentata,Hibbertia,Dilleniaceae,Resprouter,1,1,0.14,0.04,0.13,0.307692308,0.1,0.7,51,50.3,incomplete,0,0.05,0.01,
"35°32'38.4""S 150°21'54.5""E",6,Hibbertia_dentata,Hibbertia,Dilleniaceae,Resprouter,1,2,0.09,0.08,0.07,1.142857143,0.01,3.2,39,35.8,incomplete,0,0.1,0.02,Bark very flammable and sticks mostly wonky af. Those straight were completed.
"35°32'38.4""S 150°21'54.5""E",6,Hibbertia_dentata,Hibbertia,Dilleniaceae,Resprouter,1,3,0.3,0.1,0.28,0.357142857,0.2,1.13,62,60.87,incomplete,0,0.12,0.02,
"35°32'38.4""S 150°21'54.5""E",6,Hibbertia_dentata,Hibbertia,Dilleniaceae,Resprouter,1,4,0.38,0.12,0.36,0.333333333,0.26,1.32,80,78.68,incomplete,0,0.14,0.02,
"35°32'38.4""S 150°21'54.5""E",6,Hibbertia_dentata,Hibbertia,Dilleniaceae,Resprouter,2,1,0.25,0.11,0.25,0.44,0.14,0,55,55,incomplete,0,0.14,0.03,
"35°32'38.4""S 150°21'54.5""E",6,Hibbertia_dentata,Hibbertia,Dilleniaceae,Resprouter,2,3,0.4,0.17,0.39,0.435897436,0.23,1.4,27,25.6,incomplete,0,0.21,0.04,
"35°32'38.4""S 150°21'54.5""E",6,Hibbertia_dentata,Hibbertia,Dilleniaceae,Resprouter,2,4,0.23,0.09,0.23,0.391304348,0.14,1.16,32,30.84,incomplete,0,0.14,0.05,
"35°32'38.4""S 150°21'54.5""E",6,Hibbertia_dentata,Hibbertia,Dilleniaceae,Resprouter,2,5,0.31,0.1,0.31,0.322580645,0.21,0,40,40,incomplete,0,0.14,0.04,
"35°32'37.1""S 150°21'50.3""E",6,Hibbertia_dentata,Hibbertia,Dilleniaceae,Resprouter,3,1,0.15,0.08,0.14,0.571428571,0.07,0.2,20,19.8,incomplete,0,0.13,0.05,
"35°32'37.1""S 150°21'50.3""E",6,Hibbertia_dentata,Hibbertia,Dilleniaceae,Resprouter,3,2,0.13,0.07,0.1,0.7,0.06,1.03,51,49.97,incomplete,0,0.12,0.05,
"35°32'37.1""S 150°21'50.3""E",6,Hibbertia_dentata,Hibbertia,Dilleniaceae,Resprouter,3,3,0.23,0.03,0.26,0.115384615,0.2,0,21,21,incomplete,0,0.09,0.06,
"35°32'37.1""S 150°21'50.3""E",6,Hibbertia_dentata,Hibbertia,Dilleniaceae,Resprouter,3,4,0.18,0.12,0.23,0.52173913,0.06,0.76,68,67.24,incomplete,0,0.16,0.04,
"35°32'37.1""S 150°21'50.3""E",6,Hibbertia_dentata,Hibbertia,Dilleniaceae,Resprouter,3,5,0.25,0.09,0.22,0.409090909,0.16,0.82,72,71.18,incomplete,0,0.13,0.04,
"35°32'29.2""S 150°23'06.0""E",6,Hibbertia_dentata,Hibbertia,Dilleniaceae,Resprouter,4,1,0.17,0.05,0.18,0.277777778,0.12,0,36,36,incomplete,0,0.1,0.05,
"35°32'29.2""S 150°23'06.0""E",6,Hibbertia_dentata,Hibbertia,Dilleniaceae,Resprouter,4,2,0.18,0.05,0.19,0.263157895,0.13,0.6,30,29.4,incomplete,0,0.1,0.05,
"35°32'29.2""S 150°23'06.0""E",6,Hibbertia_dentata,Hibbertia,Dilleniaceae,Resprouter,4,3,0.11,0.07,0.09,0.777777778,0.04,1.04,23,21.96,incomplete,0,0.11,0.04,
"35°32'29.2""S 150°23'06.0""E",6,Hibbertia_dentata,Hibbertia,Dilleniaceae,Resprouter,4,4,0.28,0.09,0.25,0.36,0.19,0.63,19,18.37,incomplete,0,0.15,0.06,recaught but ignored
"35°32'29.2""S 150°23'06.0""E",6,Hibbertia_dentata,Hibbertia,Dilleniaceae,Resprouter,4,5,0.29,0.08,0.29,0.275862069,0.21,0,47,47,incomplete,0,0.14,0.06,
"35°32'37.3""S 150°21'50.8""E",6,Hibbertia_dentata,Hibbertia,Dilleniaceae,Resprouter,5,1,0.24,0.04,0.26,0.153846154,0.2,1.8,14,12.2,incomplete,0,0.09,0.05,
"35°32'37.3""S 150°21'50.8""E",6,Hibbertia_dentata,Hibbertia,Dilleniaceae,Resprouter,5,2,0.14,0.06,0.13,0.461538462,0.08,0,71,71,incomplete,0,0.12,0.06,
"35°32'37.3""S 150°21'50.8""E",6,Hibbertia_dentata,Hibbertia,Dilleniaceae,Resprouter,5,3,0.41,0.14,0.45,0.311111111,0.27,2,101,99,incomplete,0,0.18,0.04,
"35°32'37.3""S 150°21'50.8""E",6,Hibbertia_dentata,Hibbertia,Dilleniaceae,Resprouter,5,4,0.06,0.05,0.12,0.416666667,0.01,1,38,37,incomplete,0,0.1,0.05,
"35°32'37.3""S 150°21'50.8""E",6,Hibbertia_dentata,Hibbertia,Dilleniaceae,Resprouter,5,5,0.37,0.12,0.3,0.4,0.25,0,92,92,incomplete,0,0.17,0.05,
"35°32'42.3""S 150°22'38.1""E",6,Hibbertia_obtusifolia,Hibbertia,Dilleniaceae,Seeder,1,1,0.27,0.14,0.32,0.4375,0.13,0.36,35,34.64,incomplete,0,0.21,0.07,
"35°32'42.3""S 150°22'38.1""E",6,Hibbertia_obtusifolia,Hibbertia,Dilleniaceae,Seeder,1,2,0.43,0.21,0.4,0.525,0.22,2.87,109,106.13,incomplete,0,0.28,0.07,
"35°32'42.3""S 150°22'38.1""E",6,Hibbertia_obtusifolia,Hibbertia,Dilleniaceae,Seeder,1,3,0.54,0.27,0.48,0.5625,0.27,1.04,19.82,18.78,incomplete,0,0.34,0.07,
"35°32'42.3""S 150°22'38.1""E",6,Hibbertia_obtusifolia,Hibbertia,Dilleniaceae,Seeder,1,4,0.7,0.35,0.62,0.564516129,0.35,1.8,81.17,79.37,incomplete,0,0.41,0.06,
"35°32'42.3""S 150°22'38.1""E",6,Hibbertia_obtusifolia,Hibbertia,Dilleniaceae,Seeder,1,5,0.51,0.27,0.46,0.586956522,0.24,1.23,118.47,117.24,incomplete,0,0.34,0.07,
"35°32'42.2""S 150°22'38.0""E",6,Hibbertia_obtusifolia,Hibbertia,Dilleniaceae,Seeder,2,1,0.2,0.1,0.18,0.555555556,0.1,0.71,48.95,48.24,incomplete,0,0.15,0.05,
"35°32'42.2""S 150°22'38.0""E",6,Hibbertia_obtusifolia,Hibbertia,Dilleniaceae,Seeder,2,2,0.23,0.1,0.18,0.555555556,0.13,0.85,140.3,139.45,incomplete,0,0.16,0.06,
"35°32'42.2""S 150°22'38.0""E",6,Hibbertia_obtusifolia,Hibbertia,Dilleniaceae,Seeder,2,3,0.3,0.16,0.27,0.592592593,0.14,0.88,129.62,128.74,incomplete,0,0.21,0.05,
"35°32'42.2""S 150°22'38.0""E",6,Hibbertia_obtusifolia,Hibbertia,Dilleniaceae,Seeder,3,1,0.22,0.1,0.22,0.454545455,0.12,1.83,60,58.17,incomplete,0,0.16,0.06,
"35°32'42.2""S 150°22'38.0""E",6,Hibbertia_obtusifolia,Hibbertia,Dilleniaceae,Seeder,3,4,0.36,0.16,0.31,0.516129032,0.2,0.7,60,59.3,incomplete,0,0.24,0.08,
"35°32'42.2""S 150°22'38.0""E",6,Hibbertia_obtusifolia,Hibbertia,Dilleniaceae,Seeder,3,5,0.35,0.17,0.32,0.53125,0.18,0.63,43.05,42.42,incomplete,0,0.25,0.08,
"35°32'42.2""S 150°22'38.0""E",6,Hibbertia_obtusifolia,Hibbertia,Dilleniaceae,Seeder,4,1,0.38,0.17,0.36,0.472222222,0.21,0.98,67.02,66.04,incomplete,0,0.25,0.08,
"35°32'42.2""S 150°22'38.0""E",6,Hibbertia_obtusifolia,Hibbertia,Dilleniaceae,Seeder,4,2,0.38,0.2,0.36,0.555555556,0.18,0,101.28,101.28,incomplete,0,0.26,0.06,
"35°32'42.2""S 150°22'38.0""E",6,Hibbertia_obtusifolia,Hibbertia,Dilleniaceae,Seeder,4,4,0.38,0.2,0.38,0.526315789,0.18,0,56.21,56.21,incomplete,0,0.28,0.08,
"35°32'42.2""S 150°22'38.0""E",6,Hibbertia_obtusifolia,Hibbertia,Dilleniaceae,Seeder,4,5,0.33,0.17,0.32,0.53125,0.16,0.82,66.64,65.82,incomplete,0,0.25,0.08,
"35°32'42.3""S 150°22'38.3""E",6,Hibbertia_obtusifolia,Hibbertia,Dilleniaceae,Seeder,5,1,0.37,0.2,0.34,0.588235294,0.17,0,137.98,137.98,incomplete,0,0.26,0.06,
"35°32'42.3""S 150°22'38.3""E",6,Hibbertia_obtusifolia,Hibbertia,Dilleniaceae,Seeder,5,3,0.22,0.1,0.2,0.5,0.12,0.57,97.53,96.96,incomplete,0,0.16,0.06,
"35°32'42.3""S 150°22'38.3""E",6,Hibbertia_obtusifolia,Hibbertia,Dilleniaceae,Seeder,5,4,0.28,0.16,0.24,0.666666667,0.12,3,53.81,50.81,incomplete,0,0.21,0.05,
"35°32'42.3""S 150°22'38.3""E",6,Hibbertia_obtusifolia,Hibbertia,Dilleniaceae,Seeder,5,5,0.4,0.38,0.47,0.808510638,0.02,0,82,82,incomplete,0,0.45,0.07,
"35°32'32.5""S 150°23'05.6""E",5,Kunzea_ambigua,Kunzea,Myrtaceae,Seeder,1,1,0.17,0.06,0.15,0.4,0.11,0,35,35,incomplete,0,0.14,0.08,
"35°32'32.5""S 150°23'05.6""E",5,Kunzea_ambigua,Kunzea,Myrtaceae,Seeder,2,1,0.09,0.03,0.07,0.428571429,0.06,0,34,34,incomplete,0,0.1,0.07,
"35°32'27.8""S 150°23'06.3""E",5,Kunzea_ambigua,Kunzea,Myrtaceae,Seeder,3,1,0.08,0.03,0.06,0.5,0.05,1.87,19,17.13,incomplete,0,0.11,0.08,
"35°32'27.8""S 150°23'06.3""E",5,Kunzea_ambigua,Kunzea,Myrtaceae,Seeder,3,4,0.09,0.05,0.07,0.714285714,0.04,0,17,17,incomplete,0,0.15,0.1,
"35°32'29.2""S 150°23'06.0""E",5,Kunzea_ambigua,Kunzea,Myrtaceae,Seeder,4,1,0.08,0.02,0.06,0.333333333,0.06,0,10,10,incomplete,0,0.12,0.1,
"35°32'29.2""S 150°23'06.0""E",5,Kunzea_ambigua,Kunzea,Myrtaceae,Seeder,5,1,0.1,0.05,0.06,0.833333333,0.05,0,38,38,incomplete,0,0.13,0.08,
"35°32'29.2""S 150°23'06.0""E",5,Kunzea_ambigua,Kunzea,Myrtaceae,Seeder,5,4,0.08,0.03,0.06,0.5,0.05,17.59,43,25.41,incomplete,0,0.11,0.08,
"35°32'28.9""S 150°23'07.0""E",5,Leptospermum_polygalifolium,Leptospermum,Myrtaceae,Resprouter,1,1,0.16,0.07,0.13,0.538461538,0.09,0,45,45,incomplete,0,0.13,0.06,
"35°32'28.9""S 150°23'07.0""E",5,Leptospermum_polygalifolium,Leptospermum,Myrtaceae,Resprouter,1,3,0.16,0.09,0.13,0.692307692,0.07,0.5,132,131.5,incomplete,0,0.14,0.05,
"35°32'28.9""S 150°23'07.0""E",5,Leptospermum_polygalifolium,Leptospermum,Myrtaceae,Resprouter,1,4,0.17,0.11,0.11,1,0.06,0,34,34,incomplete,0,0.15,0.04,
"35°32'28.9""S 150°23'07.0""E",5,Leptospermum_polygalifolium,Leptospermum,Myrtaceae,Resprouter,1,5,0.16,0.1,0.15,0.666666667,0.06,0.63,137,136.37,incomplete,0,0.15,0.05,
"35°32'28.9""S 150°23'07.0""E",5,Leptospermum_polygalifolium,Leptospermum,Myrtaceae,Resprouter,3,1,0.12,0.08,0.12,0.666666667,0.04,0.2,43,42.8,incomplete,0,0.11,0.03,
"35°32'28.9""S 150°23'07.0""E",5,Leptospermum_polygalifolium,Leptospermum,Myrtaceae,Resprouter,3,4,0.15,0.09,0.12,0.75,0.06,0.34,104,103.66,incomplete,0,0.13,0.04,
"35°32'28.9""S 150°23'07.0""E",5,Leptospermum_polygalifolium,Leptospermum,Myrtaceae,Resprouter,3,5,0.19,0.12,0.16,0.75,0.07,1.1,34,32.9,incomplete,0,0.16,0.04,
"35°32'28.7""S 150°23'06.1""E",5,Leptospermum_polygalifolium,Leptospermum,Myrtaceae,Resprouter,4,3,0.16,0.07,0.17,0.411764706,0.09,0.4,80,79.6,incomplete,0,0.12,0.05,
"35°32'28.7""S 150°23'06.1""E",5,Leptospermum_polygalifolium,Leptospermum,Myrtaceae,Resprouter,4,4,0.31,0.17,0.28,0.607142857,0.14,0,81,81,incomplete,0,0.2,0.03,
"35°32'28.7""S 150°23'06.1""E",5,Leptospermum_polygalifolium,Leptospermum,Myrtaceae,Resprouter,4,5,0.28,0.16,0.25,0.64,0.12,1.79,99,97.21,incomplete,0,0.21,0.05,
"35°32'28.9""S 150°23'07.0""E",5,Leptospermum_polygalifolium,Leptospermum,Myrtaceae,Resprouter,5,2,0.17,0.08,0.15,0.533333333,0.09,0.67,141,140.33,incomplete,0,0.13,0.05,
"35°32'28.9""S 150°23'07.0""E",5,Leptospermum_polygalifolium,Leptospermum,Myrtaceae,Resprouter,5,3,0.17,0.11,0.18,0.611111111,0.06,0.6,132,131.4,incomplete,0,0.17,0.06,
"35°32'28.9""S 150°23'07.0""E",5,Leptospermum_polygalifolium,Leptospermum,Myrtaceae,Resprouter,5,4,0.12,0.1,0.07,1.428571429,0.02,0.3,142,141.7,incomplete,0,0.14,0.04,
"35°32'28.9""S 150°23'07.0""E",5,Leptospermum_polygalifolium,Leptospermum,Myrtaceae,Resprouter,5,5,0.25,0.14,0.2,0.7,0.11,0.79,126,125.21,incomplete,0,0.18,0.04,
"35°32'45.2""S 150°23'20.2""E",2,Leucopogon_juniperinus,Leucopogon,Ericaceae,Seeder,1,1,0.42,0.23,0.39,0.58974359,0.19,2.61,147,144.39,incomplete,0,0.28,0.05,
"35°32'45.2""S 150°23'20.2""E",2,Leucopogon_juniperinus,Leucopogon,Ericaceae,Seeder,1,2,0.37,0.2,0.34,0.588235294,0.17,8.78,68,59.22,incomplete,0,0.26,0.06,
"35°32'45.2""S 150°23'20.2""E",2,Leucopogon_juniperinus,Leucopogon,Ericaceae,Seeder,1,3,0.37,0.17,0.28,0.607142857,0.2,1.01,73,71.99,incomplete,0,0.2,0.03,
"35°32'45.7""S 150°22'20.1""E",2,Leucopogon_juniperinus,Leucopogon,Ericaceae,Seeder,2,2,0.41,0.24,0.38,0.631578947,0.17,0,56,56,incomplete,0,0.33,0.09,
"35°32'45.7""S 150°22'20.1""E",2,Leucopogon_juniperinus,Leucopogon,Ericaceae,Seeder,2,3,0.53,0.15,0.51,0.294117647,0.38,3.77,297,293.23,incomplete,0,0.2,0.05,
"35°32'45.7""S 150°22'20.1""E",2,Leucopogon_juniperinus,Leucopogon,Ericaceae,Seeder,2,4,0.41,0.27,0.35,0.771428571,0.14,1.74,108,106.26,incomplete,0,0.34,0.07,
"35°32'45.7""S 150°22'20.1""E",2,Leucopogon_juniperinus,Leucopogon,Ericaceae,Seeder,2,5,0.32,0.2,0.27,0.740740741,0.12,1,184,183,incomplete,0,0.26,0.06,
"35°32'45.3""S 150°23'20.2""E",2,Leucopogon_juniperinus,Leucopogon,Ericaceae,Seeder,3,1,0.41,0.23,0.33,0.696969697,0.18,2,25,23,incomplete,0,0.28,0.05,
"35°32'45.3""S 150°23'20.2""E",2,Leucopogon_juniperinus,Leucopogon,Ericaceae,Seeder,3,2,0.34,0.17,0.26,0.653846154,0.17,3.42,192,188.58,incomplete,0,0.22,0.05,
"35°32'45.3""S 150°23'20.2""E",2,Leucopogon_juniperinus,Leucopogon,Ericaceae,Seeder,3,3,0.36,0.18,0.31,0.580645161,0.18,3.13,173,169.87,incomplete,0,0.23,0.05,
"35°32'45.3""S 150°23'20.2""E",2,Leucopogon_juniperinus,Leucopogon,Ericaceae,Seeder,3,4,0.39,0.2,0.33,0.606060606,0.19,2.29,176,173.71,incomplete,0,0.25,0.05,
"35°32'45.3""S 150°23'20.2""E",2,Leucopogon_juniperinus,Leucopogon,Ericaceae,Seeder,3,5,0.33,0.23,0.24,0.958333333,0.1,1.57,122,120.43,incomplete,0,0.26,0.03,
"35°32'45.1""S 150°22'20.3""E",2,Leucopogon_juniperinus,Leucopogon,Ericaceae,Seeder,4,3,0.2,0.12,0.2,0.6,0.08,0.95,63,62.05,incomplete,0,0.18,0.06,
"35°32'45.1""S 150°22'20.3""E",2,Leucopogon_juniperinus,Leucopogon,Ericaceae,Seeder,4,4,0.36,0.23,0.33,0.696969697,0.13,1.99,113,111.01,incomplete,0,0.29,0.06,
"35°32'45.1""S 150°22'20.2""E",2,Leucopogon_juniperinus,Leucopogon,Ericaceae,Seeder,5,2,0.58,0.36,0.56,0.642857143,0.22,1.23,124,122.77,incomplete,0,0.41,0.05,
"35°32'45.1""S 150°22'20.2""E",2,Leucopogon_juniperinus,Leucopogon,Ericaceae,Seeder,5,3,0.42,0.27,0.36,0.75,0.15,1.35,150,148.65,incomplete,0,0.32,0.05,
"35°32'45.1""S 150°22'20.2""E",2,Leucopogon_juniperinus,Leucopogon,Ericaceae,Seeder,5,5,0.28,0.18,0.25,0.72,0.1,1.23,200,198.77,incomplete,0,0.22,0.04,
"35°32'39.3""S 150°23'06.1""E",2,Leucopogon_parvifloris,Leucopogon,Ericaceae,Resprouter,1,2,0.34,0.18,0.3,0.6,0.16,4.8,240,235.2,incomplete,0,0.19,0.01,
"35°32'39.3""S 150°23'06.1""E",2,Leucopogon_parvifloris,Leucopogon,Ericaceae,Resprouter,1,3,0.31,0.18,0.29,0.620689655,0.13,2.3,109,106.7,incomplete,0,0.2,0.02,
"35°32'39.3""S 150°23'06.1""E",2,Leucopogon_parvifloris,Leucopogon,Ericaceae,Resprouter,1,4,0.41,0.24,0.37,0.648648649,0.17,9.1,185,175.9,incomplete,0,0.26,0.02,
"35°32'39.3""S 150°23'06.1""E",2,Leucopogon_parvifloris,Leucopogon,Ericaceae,Resprouter,1,5,0.59,0.33,0.55,0.6,0.26,2.22,153,150.78,incomplete,0,0.34,0.01,
"35°32'39.3""S 150°23'06.1""E",2,Leucopogon_parvifloris,Leucopogon,Ericaceae,Resprouter,2,1,0.62,0.36,0.5,0.72,0.26,1,300,299,incomplete,0,0.37,0.01,
"35°32'39.3""S 150°23'06.1""E",2,Leucopogon_parvifloris,Leucopogon,Ericaceae,Resprouter,2,2,0.36,0.21,0.31,0.677419355,0.15,11.81,321,309.19,incomplete,0,0.23,0.02,
"35°32'39.3""S 150°23'06.1""E",2,Leucopogon_parvifloris,Leucopogon,Ericaceae,Resprouter,2,3,0.44,0.25,0.38,0.657894737,0.19,2.3,240,237.7,incomplete,0,0.27,0.02,
"35°32'39.3""S 150°23'06.1""E",2,Leucopogon_parvifloris,Leucopogon,Ericaceae,Resprouter,2,4,0.56,0.31,0.5,0.62,0.25,2.81,785,782.19,incomplete,0,0.33,0.02,
"35°32'39.3""S 150°23'06.1""E",2,Leucopogon_parvifloris,Leucopogon,Ericaceae,Resprouter,2,5,0.51,0.3,0.47,0.638297872,0.21,13.75,284,270.25,incomplete,0,0.32,0.02,
"35°32'39.6""S 150°23'06.7""E",2,Leucopogon_parvifloris,Leucopogon,Ericaceae,Resprouter,3,1,0.67,0.38,0.55,0.690909091,0.29,1.56,111,109.44,incomplete,0,0.41,0.03,
"35°32'39.6""S 150°23'06.7""E",2,Leucopogon_parvifloris,Leucopogon,Ericaceae,Resprouter,3,2,0.62,0.35,0.48,0.729166667,0.27,64.07,143,78.93,incomplete,0,0.37,0.02,
"35°32'39.6""S 150°23'06.7""E",2,Leucopogon_parvifloris,Leucopogon,Ericaceae,Resprouter,3,3,0.48,0.42,0.39,1.076923077,0.06,3.35,60,56.65,incomplete,0,0.43,0.01,
"35°32'39.6""S 150°23'06.7""E",2,Leucopogon_parvifloris,Leucopogon,Ericaceae,Resprouter,3,4,0.76,0.27,0.62,0.435483871,0.49,7.28,196,188.72,incomplete,0,0.29,0.02,
"35°32'39.6""S 150°23'06.7""E",2,Leucopogon_parvifloris,Leucopogon,Ericaceae,Resprouter,3,5,1.64,0.91,1.44,0.631944444,0.73,2.42,232,229.58,incomplete,0,0.95,0.04,
"35°32'39.4""S 150°23'06.2""E",2,Leucopogon_parvifloris,Leucopogon,Ericaceae,Resprouter,4,1,0.73,0.39,0.64,0.609375,0.34,4.83,190,185.17,incomplete,0,0.4,0.01,
"35°32'39.4""S 150°23'06.2""E",2,Leucopogon_parvifloris,Leucopogon,Ericaceae,Resprouter,4,2,0.37,0.22,0.31,0.709677419,0.15,1.79,156,154.21,incomplete,0,0.23,0.01,
"35°32'39.4""S 150°23'06.2""E",2,Leucopogon_parvifloris,Leucopogon,Ericaceae,Resprouter,4,3,0.41,0.23,0.35,0.657142857,0.18,17.15,96,78.85,incomplete,0,0.27,0.04,
"35°32'39.4""S 150°23'06.2""E",2,Leucopogon_parvifloris,Leucopogon,Ericaceae,Resprouter,4,4,0.71,0.4,0.56,0.714285714,0.31,4.16,191,186.84,incomplete,0,0.42,0.02,
"35°32'39.4""S 150°23'06.2""E",2,Leucopogon_parvifloris,Leucopogon,Ericaceae,Resprouter,4,5,0.71,0.42,0.62,0.677419355,0.29,27.42,282,254.58,incomplete,0,0.44,0.02,
"35°32'39.4""S 150°23'06.2""E",2,Leucopogon_parvifloris,Leucopogon,Ericaceae,Resprouter,5,1,0.9,0.5,0.78,0.641025641,0.4,2.38,279,276.62,incomplete,0,0.59,0.09,
"35°32'39.4""S 150°23'06.2""E",2,Leucopogon_parvifloris,Leucopogon,Ericaceae,Resprouter,5,2,0.5,0.26,0.39,0.666666667,0.24,1.89,64,62.11,incomplete,0,0.33,0.07,
"35°32'39.4""S 150°23'06.2""E",2,Leucopogon_parvifloris,Leucopogon,Ericaceae,Resprouter,5,3,0.4,0.24,0.34,0.705882353,0.16,7.61,206,198.39,incomplete,0,0.3,0.06,
"35°32'39.4""S 150°23'06.2""E",2,Leucopogon_parvifloris,Leucopogon,Ericaceae,Resprouter,5,4,0.96,0.54,0.84,0.642857143,0.42,2.27,178,175.73,incomplete,0,0.64,0.1,
"35°32'39.4""S 150°23'06.2""E",2,Leucopogon_parvifloris,Leucopogon,Ericaceae,Resprouter,5,5,0.49,0.27,0.42,0.642857143,0.22,2.55,171,168.45,incomplete,0,0.38,0.11,
"35°32'37.7""S 150°23'03.8""E",1,Melaleuca_ericifolia,Melaleuca,Myrtaceae,Resprouter,1,1,0.15,0.05,0.12,0.416666667,0.1,2.55,38,35.45,incomplete,0,0.09,0.04,
"35°32'37.6""S 150°23'03.8""E",1,Melaleuca_ericifolia,Melaleuca,Myrtaceae,Resprouter,2,3,0.09,0.05,0.07,0.714285714,0.04,0,33,33,incomplete,0,0.08,0.03,
"35°32'37.6""S 150°23'03.8""E",1,Melaleuca_ericifolia,Melaleuca,Myrtaceae,Resprouter,2,5,0.1,0.05,0.07,0.714285714,0.05,2.41,75,72.59,incomplete,0,0.09,0.04,
"35°32'37.6""S 150°23'03.8""E",1,Melaleuca_ericifolia,Melaleuca,Myrtaceae,Resprouter,3,2,0.07,0.03,0.06,0.5,0.04,1.23,10,8.77,incomplete,0,0.05,0.02,
"35°32'37.6""S 150°23'03.8""E",1,Melaleuca_ericifolia,Melaleuca,Myrtaceae,Resprouter,3,3,0.14,0.07,0.11,0.636363636,0.07,1.56,124,122.44,incomplete,0,0.09,0.02,
"35°32'37.6""S 150°23'03.8""E",1,Melaleuca_ericifolia,Melaleuca,Myrtaceae,Resprouter,3,4,0.19,0.1,0.17,0.588235294,0.09,1.45,86,84.55,incomplete,0,0.13,0.03,
"35°32'36.5""S 150°23'04.4""E",1,Melaleuca_ericifolia,Melaleuca,Myrtaceae,Resprouter,4,1,0.18,0.1,0.16,0.625,0.08,1.76,80,78.24,incomplete,0,0.12,0.02,
"35°32'36.5""S 150°23'04.4""E",1,Melaleuca_ericifolia,Melaleuca,Myrtaceae,Resprouter,4,4,0.54,0.31,0.49,0.632653061,0.23,2.61,135,132.39,incomplete,0,0.33,0.02,
"35°32'36.1""S 150°23'04.7""E",1,Melaleuca_ericifolia,Melaleuca,Myrtaceae,Resprouter,5,1,0.16,0.05,0.11,0.454545455,0.11,1.06,46,44.94,incomplete,0,0.09,0.04,
"35°32'36.1""S 150°23'04.7""E",1,Melaleuca_ericifolia,Melaleuca,Myrtaceae,Resprouter,5,2,0.12,0.05,0.12,0.416666667,0.07,2.79,21,18.21,incomplete,0,0.08,0.03,
"35°32'36.1""S 150°23'04.7""E",1,Melaleuca_ericifolia,Melaleuca,Myrtaceae,Resprouter,5,3,0.1,0.03,0.07,0.428571429,0.07,0,38,38,incomplete,0,0.05,0.02,
"35°32'36.1""S 150°23'04.7""E",1,Melaleuca_ericifolia,Melaleuca,Myrtaceae,Resprouter,5,4,0.13,0.07,0.13,0.538461538,0.06,0,23,23,incomplete,0,0.1,0.03,
"35°32'36.1""S 150°23'04.7""E",1,Melaleuca_ericifolia,Melaleuca,Myrtaceae,Resprouter,5,5,0.13,0.06,0.12,0.5,0.07,1.63,108,106.37,incomplete,0,0.08,0.02,
"35°32'37.8""S 150°23'03.6""E",1,Melaleuca_hypericifolia,Melaleuca,Myrtaceae,Seeder,1,1,0.25,0.13,0.25,0.52,0.12,0,192,192,incomplete,0,0.15,0.02,
"35°32'37.8""S 150°23'03.6""E",1,Melaleuca_hypericifolia,Melaleuca,Myrtaceae,Seeder,1,2,0.15,0.08,0.12,0.666666667,0.07,0,58,58,incomplete,0,0.1,0.02,
"35°32'37.8""S 150°23'03.6""E",1,Melaleuca_hypericifolia,Melaleuca,Myrtaceae,Seeder,1,3,0.2,0.09,0.17,0.529411765,0.11,1.34,133,131.66,incomplete,0,0.11,0.02,
"35°32'37.8""S 150°23'03.6""E",1,Melaleuca_hypericifolia,Melaleuca,Myrtaceae,Seeder,1,4,0.15,0.06,0.13,0.461538462,0.09,3.2,149,145.8,incomplete,0,0.08,0.02,
"35°32'37.8""S 150°23'03.6""E",1,Melaleuca_hypericifolia,Melaleuca,Myrtaceae,Seeder,1,5,0.23,0.11,0.2,0.55,0.12,2.45,110,107.55,incomplete,0,0.13,0.02,
"35°32'37.2""S 150°23'04.1""E",1,Melaleuca_hypericifolia,Melaleuca,Myrtaceae,Seeder,2,1,0.17,0.09,0.17,0.529411765,0.08,0,69,69,incomplete,0,0.11,0.02,
"35°32'37.2""S 150°23'04.1""E",1,Melaleuca_hypericifolia,Melaleuca,Myrtaceae,Seeder,2,2,0.25,0.12,0.22,0.545454545,0.13,0,136,136,incomplete,0,0.14,0.02,
"35°32'37.2""S 150°23'04.1""E",1,Melaleuca_hypericifolia,Melaleuca,Myrtaceae,Seeder,2,3,0.14,0.08,0.13,0.615384615,0.06,1.6,54,52.4,incomplete,0,0.1,0.02,
"35°32'37.2""S 150°23'04.1""E",1,Melaleuca_hypericifolia,Melaleuca,Myrtaceae,Seeder,2,5,0.23,0.11,0.2,0.55,0.12,0,88,88,incomplete,0,0.13,0.02,
"35°32'37.2""S 150°23'04.1""E",1,Melaleuca_hypericifolia,Melaleuca,Myrtaceae,Seeder,3,2,0.27,0.13,0.25,0.52,0.14,1.19,195,193.81,incomplete,0,0.15,0.02,
"35°32'37.2""S 150°23'04.1""E",1,Melaleuca_hypericifolia,Melaleuca,Myrtaceae,Seeder,3,3,0.45,0.19,0.38,0.5,0.26,0,164,164,incomplete,0,0.21,0.02,
"35°32'37.2""S 150°23'04.1""E",1,Melaleuca_hypericifolia,Melaleuca,Myrtaceae,Seeder,3,4,0.21,0.1,0.18,0.555555556,0.11,0,135,135,incomplete,0,0.12,0.02,
"35°32'37.2""S 150°23'04.1""E",1,Melaleuca_hypericifolia,Melaleuca,Myrtaceae,Seeder,3,5,0.18,0.12,0.23,0.52173913,0.06,3.77,50,46.23,incomplete,0,0.14,0.02,
"35°32'36.5""S 150°23'04.4""E",1,Melaleuca_hypericifolia,Melaleuca,Myrtaceae,Seeder,4,1,0.18,0.06,0.18,0.333333333,0.12,2.03,52,49.97,incomplete,0,0.12,0.06,
"35°32'36.5""S 150°23'04.4""E",1,Melaleuca_hypericifolia,Melaleuca,Myrtaceae,Seeder,4,2,0.12,0.07,0.1,0.7,0.05,1.56,58,56.44,incomplete,0,0.09,0.02,
"35°32'36.5""S 150°23'04.4""E",1,Melaleuca_hypericifolia,Melaleuca,Myrtaceae,Seeder,4,3,0.13,0.06,0.13,0.461538462,0.07,0.6,54,53.4,incomplete,0,0.08,0.02,
"35°32'36.5""S 150°23'04.4""E",1,Melaleuca_hypericifolia,Melaleuca,Myrtaceae,Seeder,4,4,0.25,0.12,0.22,0.545454545,0.13,1.5,129,127.5,incomplete,0,0.14,0.02,
"35°32'36.5""S 150°23'04.4""E",1,Melaleuca_hypericifolia,Melaleuca,Myrtaceae,Seeder,4,5,0.22,0.1,0.2,0.5,0.12,4.12,178,173.88,incomplete,0,0.15,0.05,
"35°32'36.5""S 150°23'04.7""E",1,Melaleuca_hypericifolia,Melaleuca,Myrtaceae,Seeder,5,1,0.22,0.1,0.19,0.526315789,0.12,0,252,252,incomplete,0,0.13,0.03,
"35°32'36.5""S 150°23'04.7""E",1,Melaleuca_hypericifolia,Melaleuca,Myrtaceae,Seeder,5,2,0.3,0.12,0.28,0.428571429,0.18,1.32,83,81.68,incomplete,0,0.17,0.05,
"35°32'36.5""S 150°23'04.7""E",1,Melaleuca_hypericifolia,Melaleuca,Myrtaceae,Seeder,5,3,0.23,0.11,0.21,0.523809524,0.12,1.83,196,194.17,incomplete,0,0.16,0.05,
"35°32'36.5""S 150°23'04.7""E",1,Melaleuca_hypericifolia,Melaleuca,Myrtaceae,Seeder,5,4,0.31,0.14,0.27,0.518518519,0.17,0,102,102,incomplete,0,0.17,0.03,
"35°32'36.5""S 150°23'04.7""E",1,Melaleuca_hypericifolia,Melaleuca,Myrtaceae,Seeder,5,5,0.29,0.11,0.25,0.44,0.18,0,98,98,incomplete,0,0.16,0.05,
"35°32'44.3""S 150°22'07.6""E",3,Persoonia_linearis,Persoonia,Proteaceae,Resprouter,1,2,0.58,0.25,0.54,0.462962963,0.33,8.6,79,70.4,incomplete,0,0.31,0.06,
"35°32'44.3""S 150°22'07.6""E",3,Persoonia_linearis,Persoonia,Proteaceae,Resprouter,1,3,0.45,0.19,0.41,0.463414634,0.26,28,178,150,incomplete,0,0.27,0.08,
"35°32'44.3""S 150°22'07.6""E",3,Persoonia_linearis,Persoonia,Proteaceae,Resprouter,1,4,0.5,0.21,0.42,0.5,0.29,10.29,19,8.71,incomplete,0,0.26,0.05,
"35°32'44.3""S 150°22'07.6""E",3,Persoonia_linearis,Persoonia,Proteaceae,Resprouter,1,5,0.59,0.26,0.54,0.481481481,0.33,17.98,75,57.02,incomplete,0,0.32,0.06,
"35°32'43.7""S 150°22'05.9""E",3,Persoonia_linearis,Persoonia,Proteaceae,Resprouter,2,1,0.37,0.16,0.36,0.444444444,0.21,15.79,231,215.21,incomplete,0,0.23,0.07,
"35°32'43.7""S 150°22'05.9""E",3,Persoonia_linearis,Persoonia,Proteaceae,Resprouter,2,2,0.39,0.19,0.36,0.527777778,0.2,2.45,35,32.55,incomplete,0,0.27,0.08,
"35°32'43.7""S 150°22'05.9""E",3,Persoonia_linearis,Persoonia,Proteaceae,Resprouter,2,4,0.63,0.31,0.6,0.516666667,0.32,3.08,58,54.92,incomplete,0,0.38,0.07,
"35°32'43.4""S 150°22'03.4""E",3,Persoonia_linearis,Persoonia,Proteaceae,Resprouter,3,2,0.33,0.14,0.31,0.451612903,0.19,1.5,26,24.5,incomplete,0,0.21,0.07,
"35°32'43.4""S 150°22'03.4""E",3,Persoonia_linearis,Persoonia,Proteaceae,Resprouter,3,3,0.43,0.18,0.37,0.486486486,0.25,4.81,52,47.19,incomplete,0,0.26,0.08,
"35°32'43.4""S 150°22'03.4""E",3,Persoonia_linearis,Persoonia,Proteaceae,Resprouter,3,4,0.3,0.12,0.25,0.48,0.18,65.4,143,77.6,incomplete,0,0.2,0.08,
"35°32'43.4""S 150°22'03.4""E",3,Persoonia_linearis,Persoonia,Proteaceae,Resprouter,3,5,0.34,0.16,0.3,0.533333333,0.18,6.6,68,61.4,incomplete,0,0.22,0.06,
"35°32'38.7""S 150°21'56.9""E",3,Persoonia_linearis,Persoonia,Proteaceae,Resprouter,4,1,0.39,0.18,0.32,0.5625,0.21,1.52,44,42.48,incomplete,0,0.26,0.08,
"35°32'38.7""S 150°21'56.9""E",3,Persoonia_linearis,Persoonia,Proteaceae,Resprouter,4,2,0.53,0.25,0.47,0.531914894,0.28,1.55,477,475.45,incomplete,0,0.32,0.07,
"35°32'38.7""S 150°21'56.9""E",3,Persoonia_linearis,Persoonia,Proteaceae,Resprouter,4,3,0.78,0.39,0.69,0.565217391,0.39,1.41,78,76.59,incomplete,0,0.46,0.07,
"35°32'37.9""S 150°21'52.4""E",3,Persoonia_linearis,Persoonia,Proteaceae,Resprouter,5,1,0.44,0.2,0.41,0.487804878,0.24,1.52,102,100.48,incomplete,0,0.26,0.06,
"35°32'37.9""S 150°21'52.4""E",3,Persoonia_linearis,Persoonia,Proteaceae,Resprouter,5,2,0.64,0.31,0.59,0.525423729,0.33,3.16,82,78.84,incomplete,0,0.37,0.06,
"35°32'37.9""S 150°21'52.4""E",3,Persoonia_linearis,Persoonia,Proteaceae,Resprouter,5,3,0.37,0.18,0.32,0.5625,0.19,1.55,78,76.45,incomplete,0,0.27,0.09,
"35°32'37.9""S 150°21'52.4""E",3,Persoonia_linearis,Persoonia,Proteaceae,Resprouter,5,4,0.54,0.26,0.51,0.509803922,0.28,6.56,33,26.44,incomplete,0,0.32,0.06,
"35°32'41.6""S 150°22'59.6""E",4,Pittosporum_revolutum,Pittosporum,Pittosporaceae,Seeder,1,1,0.89,0.42,1.04,0.403846154,0.47,10.15,172,161.85,incomplete,0,0.45,0.03,
"35°32'41.6""S 150°22'59.6""E",4,Pittosporum_revolutum,Pittosporum,Pittosporaceae,Seeder,1,2,0.81,0.41,0.79,0.518987342,0.4,5.15,75,69.85,incomplete,0,0.44,0.03,
"35°32'41.6""S 150°22'59.6""E",4,Pittosporum_revolutum,Pittosporum,Pittosporaceae,Seeder,1,3,0.68,0.34,0.69,0.492753623,0.34,7.52,118,110.48,incomplete,0,0.37,0.03,
"35°32'41.6""S 150°22'59.6""E",4,Pittosporum_revolutum,Pittosporum,Pittosporaceae,Seeder,1,4,0.97,0.43,0.98,0.43877551,0.54,16.21,21,4.79,incomplete,0,0.46,0.03,
"35°32'41.6""S 150°22'59.6""E",4,Pittosporum_revolutum,Pittosporum,Pittosporaceae,Seeder,1,5,0.7,0.44,1.04,0.423076923,0.26,8.11,141,132.89,incomplete,0,0.47,0.03,
"35°32'40.9""S 150°22'59.7""E",4,Pittosporum_revolutum,Pittosporum,Pittosporaceae,Seeder,2,1,1.13,0.63,1.04,0.605769231,0.5,4.22,270,265.78,incomplete,0,0.66,0.03,
"35°32'40.9""S 150°22'59.7""E",4,Pittosporum_revolutum,Pittosporum,Pittosporaceae,Seeder,2,2,1.44,0.73,1.32,0.553030303,0.71,20.56,316,295.44,incomplete,0,0.76,0.03,
"35°32'40.9""S 150°22'59.7""E",4,Pittosporum_revolutum,Pittosporum,Pittosporaceae,Seeder,2,3,1.06,0.57,0.97,0.587628866,0.49,13.63,161,147.37,incomplete,0,0.6,0.03,
"35°32'40.9""S 150°22'59.7""E",4,Pittosporum_revolutum,Pittosporum,Pittosporaceae,Seeder,2,4,1.14,0.54,1.04,0.519230769,0.6,10.28,235,224.72,incomplete,0,0.57,0.03,
"35°32'40.9""S 150°22'59.7""E",4,Pittosporum_revolutum,Pittosporum,Pittosporaceae,Seeder,2,5,1.35,0.76,1.25,0.608,0.59,6.14,256,249.86,incomplete,0,0.79,0.03,
"35°32'40.1""S 150°23'01.1""E",4,Pittosporum_revolutum,Pittosporum,Pittosporaceae,Seeder,3,3,1.33,0.53,1.26,0.420634921,0.8,4.06,221,221,incomplete,0,0.56,0.03,
"35°32'40.1""S 150°23'01.1""E",4,Pittosporum_revolutum,Pittosporum,Pittosporaceae,Seeder,3,4,1.33,0.55,1.21,0.454545455,0.78,4.5,115,115,incomplete,0,0.58,0.03,
"35°32'40.1""S 150°23'01.1""E",4,Pittosporum_revolutum,Pittosporum,Pittosporaceae,Seeder,3,5,1.57,0.66,1.42,0.464788732,0.91,5.59,214,214,incomplete,0,0.69,0.03,
"35°32'40.4""S 150°23'01.4""E",4,Pittosporum_revolutum,Pittosporum,Pittosporaceae,Seeder,4,1,0.64,0.31,0.64,0.484375,0.33,0.76,257,256.24,incomplete,0,0.34,0.03,
"35°32'40.4""S 150°23'01.4""E",4,Pittosporum_revolutum,Pittosporum,Pittosporaceae,Seeder,4,2,0.6,0.31,0.58,0.534482759,0.29,1.29,258,256.71,incomplete,0,0.34,0.03,
"35°32'40.4""S 150°23'01.4""E",4,Pittosporum_revolutum,Pittosporum,Pittosporaceae,Seeder,4,3,0.7,0.37,0.62,0.596774194,0.33,2.55,83,80.45,incomplete,0,0.4,0.03,
"35°32'40.4""S 150°23'01.4""E",4,Pittosporum_revolutum,Pittosporum,Pittosporaceae,Seeder,4,4,1.41,0.79,1.27,0.622047244,0.62,3.29,270,266.71,incomplete,0,0.82,0.03,
"35°32'40.4""S 150°23'01.4""E",4,Pittosporum_revolutum,Pittosporum,Pittosporaceae,Seeder,4,5,1.22,0.65,1.06,0.613207547,0.57,4.79,172,167.21,incomplete,0,0.68,0.03,
"35°32'39.9""S 150°23'03.0""E",4,Pittosporum_revolutum,Pittosporum,Pittosporaceae,Seeder,5,1,1.83,1.1,1.63,0.674846626,0.73,4.65,45,40.35,incomplete,0,1.13,0.03,
"35°32'39.9""S 150°23'03.0""E",4,Pittosporum_revolutum,Pittosporum,Pittosporaceae,Seeder,5,2,2.04,1.02,1.9,0.536842105,1.02,1.23,123,121.77,incomplete,0,1.05,0.03,
"35°32'39.9""S 150°23'03.0""E",4,Pittosporum_revolutum,Pittosporum,Pittosporaceae,Seeder,5,3,1.72,0.88,1.52,0.578947368,0.84,3.36,176,172.64,incomplete,0,0.91,0.03,
"35°32'39.9""S 150°23'03.0""E",4,Pittosporum_revolutum,Pittosporum,Pittosporaceae,Seeder,5,4,1.35,0.64,1.28,0.5,0.71,13.58,203,189.42,incomplete,0,0.67,0.03,
"35°32'39.9""S 150°23'03.0""E",4,Pittosporum_revolutum,Pittosporum,Pittosporaceae,Seeder,5,5,1.75,1.01,1.6,0.63125,0.74,17.46,156,138.54,incomplete,0,1.04,0.03,
"35°32'41.4""S 150°22'59.7""E",4,Pittosporum_undulatum,Pittosporum,Pittosporaceae,Resprouter,1,1,1.24,0.68,1.32,0.515151515,0.56,9.71,201,191.29,incomplete,0,0.71,0.03,
"35°32'41.4""S 150°22'59.7""E",4,Pittosporum_undulatum,Pittosporum,Pittosporaceae,Resprouter,1,2,0.79,0.33,0.83,0.397590361,0.46,3.08,189,185.92,incomplete,0,0.36,0.03,
"35°32'41.4""S 150°22'59.7""E",4,Pittosporum_undulatum,Pittosporum,Pittosporaceae,Resprouter,1,3,1.78,0.99,1.82,0.543956044,0.79,32.59,166,133.41,incomplete,0,1.02,0.03,
"35°32'41.4""S 150°22'59.7""E",4,Pittosporum_undulatum,Pittosporum,Pittosporaceae,Resprouter,1,4,0.86,0.37,0.97,0.381443299,0.49,4.01,208,203.99,incomplete,0,0.4,0.03,
"35°32'41.4""S 150°22'59.7""E",4,Pittosporum_undulatum,Pittosporum,Pittosporaceae,Resprouter,1,5,0.77,0.29,0.79,0.367088608,0.48,4.45,161,156.55,incomplete,0,0.32,0.03,
"35°32'41.1""S 150°22'59.8""E",4,Pittosporum_undulatum,Pittosporum,Pittosporaceae,Resprouter,2,1,1.45,0.69,1.38,0.5,0.76,2.16,75,75,incomplete,0,0.72,0.03,
"35°32'41.1""S 150°22'59.8""E",4,Pittosporum_undulatum,Pittosporum,Pittosporaceae,Resprouter,2,2,1.75,0.93,1.65,0.563636364,0.82,3.81,42,42,incomplete,0,0.96,0.03,
"35°32'41.1""S 150°22'59.8""E",4,Pittosporum_undulatum,Pittosporum,Pittosporaceae,Resprouter,2,3,1.37,0.62,1.3,0.476923077,0.75,4.86,68,68,incomplete,0,0.65,0.03,
"35°32'41.1""S 150°22'59.8""E",4,Pittosporum_undulatum,Pittosporum,Pittosporaceae,Resprouter,2,4,1.49,0.76,1.4,0.542857143,0.73,1.92,118,118,incomplete,0,0.79,0.03,
"35°32'41.1""S 150°22'59.8""E",4,Pittosporum_undulatum,Pittosporum,Pittosporaceae,Resprouter,2,5,1.46,0.77,1.5,0.513333333,0.69,1.42,82,82,incomplete,0,0.8,0.03,
"35°32'40.1""S 150°23'01.1""E",4,Pittosporum_undulatum,Pittosporum,Pittosporaceae,Resprouter,3,1,0.87,0.21,0.8,0.2625,0.66,13.85,122,108.15,incomplete,0,0.24,0.03,
"35°32'40.1""S 150°23'01.1""E",4,Pittosporum_undulatum,Pittosporum,Pittosporaceae,Resprouter,3,2,1.67,0.62,1.56,0.397435897,1.05,2.85,274,271.15,incomplete,0,0.65,0.03,
"35°32'40.1""S 150°23'01.1""E",4,Pittosporum_undulatum,Pittosporum,Pittosporaceae,Resprouter,3,3,1.11,0.3,1.05,0.285714286,0.81,2.38,137,134.62,incomplete,0,0.33,0.03,
"35°32'40.1""S 150°23'01.1""E",4,Pittosporum_undulatum,Pittosporum,Pittosporaceae,Resprouter,3,4,1.05,0.28,0.98,0.285714286,0.77,9.78,177,167.22,incomplete,0,0.31,0.03,
"35°32'40.1""S 150°23'01.1""E",4,Pittosporum_undulatum,Pittosporum,Pittosporaceae,Resprouter,3,5,1.73,0.74,1.64,0.451219512,0.99,3.6,30,26.4,incomplete,0,0.77,0.03,
"35°32'39.9""S 150°23'02.1""E",4,Pittosporum_undulatum,Pittosporum,Pittosporaceae,Resprouter,4,1,0.91,0.46,0.95,0.484210526,0.45,2.11,252,249.89,incomplete,0,0.49,0.03,
"35°32'39.9""S 150°23'02.1""E",4,Pittosporum_undulatum,Pittosporum,Pittosporaceae,Resprouter,4,3,0.6,0.41,0.69,0.594202899,0.19,1.25,86,84.75,incomplete,0,0.44,0.03,
"35°32'39.9""S 150°23'02.1""E",4,Pittosporum_undulatum,Pittosporum,Pittosporaceae,Resprouter,4,4,1.18,0.53,1.16,0.456896552,0.65,8,255,247,incomplete,0,0.56,0.03,
"35°32'39.9""S 150°23'02.1""E",4,Pittosporum_undulatum,Pittosporum,Pittosporaceae,Resprouter,4,5,1.76,1.01,1.76,0.573863636,0.75,3.24,158,154.76,incomplete,0,1.04,0.03,
"35°32'38.2""S 150°23'03.8""E",4,Pittosporum_undulatum,Pittosporum,Pittosporaceae,Resprouter,5,1,1.25,0.53,1.23,0.430894309,0.72,4.22,108,103.78,incomplete,0,0.56,0.03,
"35°32'38.2""S 150°23'03.8""E",4,Pittosporum_undulatum,Pittosporum,Pittosporaceae,Resprouter,5,2,0.6,0.51,0.91,0.56043956,0.09,3.31,218,214.69,incomplete,0,0.54,0.03,
"35°32'38.2""S 150°23'03.8""E",4,Pittosporum_undulatum,Pittosporum,Pittosporaceae,Resprouter,5,3,1.1,0.37,1.02,0.362745098,0.73,8.99,41,32.01,incomplete,0,0.4,0.03,
"35°32'38.2""S 150°23'03.8""E",4,Pittosporum_undulatum,Pittosporum,Pittosporaceae,Resprouter,5,4,1.75,1,1.71,0.584795322,0.75,2.05,139,136.95,incomplete,0,1.03,0.03,
"35°32'38.2""S 150°23'03.8""E",4,Pittosporum_undulatum,Pittosporum,Pittosporaceae,Resprouter,5,5,0.88,0.31,0.84,0.369047619,0.57,5.11,137,131.89,incomplete,0,0.34,0.03,
"35°32'40.1""S 150°21'35.6""E",7,Indigofera_australis,Indigofera,Fabaceae,Resprouter,1,1,0.14,0.06,0.15,0.4,0.08,5.89,65.18,59.29,incomplete,0,0.13,0.07,
"35°32'40.1""S 150°21'35.6""E",7,Indigofera_australis,Indigofera,Fabaceae,Resprouter,1,2,0.42,0.15,0.41,0.365853659,0.27,1.29,100.19,98.9,incomplete,0,0.21,0.06,
"35°32'40.1""S 150°21'35.6""E",7,Indigofera_australis,Indigofera,Fabaceae,Resprouter,1,3,0.38,0.15,0.38,0.394736842,0.23,1.04,28.15,27.11,incomplete,0,0.21,0.06,#burnt until node then extinguished
"35°32'40.1""S 150°21'35.6""E",7,Indigofera_australis,Indigofera,Fabaceae,Resprouter,1,4,0.4,0.14,0.39,0.358974359,0.26,0.91,43.37,42.46,incomplete,0,0.23,0.09,
"35°32'40.1""S 150°21'35.6""E",7,Indigofera_australis,Indigofera,Fabaceae,Resprouter,1,5,0.32,0.11,0.27,0.407407407,0.21,1.18,69.46,68.28,incomplete,0,0.16,0.05,
"35°32'40.1""S 150°21'35.6""E",7,Indigofera_australis,Indigofera,Fabaceae,Resprouter,2,1,0.16,0.09,0.15,0.6,0.07,0.47,110.89,110.42,incomplete,0,0.16,0.07,
"35°32'40.3""S 150°21'32.8""E",7,Indigofera_australis,Indigofera,Fabaceae,Resprouter,2,2,0.18,0.08,0.17,0.470588235,0.1,4.1,54.7,50.6,complete,1,0.15,0.07,"#Slow ignition, first 30 odd second burning like an incense stick at very tip of stick. Then Suddenly burnt very quickly up the entirestick."
"35°32'40.3""S 150°21'32.8""E",7,Indigofera_australis,Indigofera,Fabaceae,Resprouter,2,3,0.26,0.11,0.25,0.44,0.15,0,55.74,55.74,incomplete,0,0.19,0.08,
"35°32'40.3""S 150°21'32.8""E",7,Indigofera_australis,Indigofera,Fabaceae,Resprouter,2,4,0.2,0.1,0.19,0.526315789,0.1,0.41,72.98,72.57,incomplete,0,0.19,0.09,
"35°32'40.3""S 150°21'32.8""E",7,Indigofera_australis,Indigofera,Fabaceae,Resprouter,2,5,0.22,0.08,0.21,0.380952381,0.14,1.01,61.42,60.41,incomplete,0,0.18,0.1,
"35°32'41.1""S 150°21'31.9""E",7,Indigofera_australis,Indigofera,Fabaceae,Resprouter,3,1,0.19,0.06,0.18,0.333333333,0.13,0.41,55.63,55.22,incomplete,0,0.13,0.07,
"35°32'41.1""S 150°21'31.9""E",7,Indigofera_australis,Indigofera,Fabaceae,Resprouter,3,2,0.22,0.08,0.21,0.380952381,0.14,0.47,26.61,26.14,incomplete,0,0.14,0.06,
"35°32'41.1""S 150°21'31.9""E",7,Indigofera_australis,Indigofera,Fabaceae,Resprouter,3,3,0.18,0.07,0.17,0.411764706,0.11,1.8,45.42,43.62,incomplete,0,0.13,0.06,
"35°32'41.1""S 150°21'31.9""E",7,Indigofera_australis,Indigofera,Fabaceae,Resprouter,3,4,0.2,0.07,0.21,0.333333333,0.13,0,32.42,32.42,incomplete,0,0.14,0.07,
"35°32'41.1""S 150°21'31.9""E",7,Indigofera_australis,Indigofera,Fabaceae,Resprouter,3,5,0.21,0.08,0.2,0.4,0.13,0.48,68.03,67.55,incomplete,0,0.14,0.06,
"35°32'40.9""S 150°21'32.9""E",7,Indigofera_australis,Indigofera,Fabaceae,Resprouter,4,1,0.14,0.05,0.13,0.384615385,0.09,0.44,25.29,24.85,incomplete,0,0.14,0.09,
"35°32'40.9""S 150°21'32.9""E",7,Indigofera_australis,Indigofera,Fabaceae,Resprouter,4,2,0.15,0.07,0.13,0.538461538,0.08,1.33,15.82,14.49,incomplete,0,0.14,0.07,#burnt quickly until a biforcation in the stem. Then was almost instantaneously put out.
"35°32'40.9""S 150°21'32.9""E",7,Indigofera_australis,Indigofera,Fabaceae,Resprouter,4,3,0.15,0.05,0.13,0.384615385,0.1,0,86.31,86.31,incomplete,0,0.14,0.09,
"35°32'40.9""S 150°21'32.9""E",7,Indigofera_australis,Indigofera,Fabaceae,Resprouter,4,4,0.16,0.05,0.14,0.357142857,0.11,1.99,22.47,20.48,complete,1,0.12,0.07,
"35°32'40.9""S 150°21'32.9""E",7,Indigofera_australis,Indigofera,Fabaceae,Resprouter,4,5,0.17,0.07,0.16,0.4375,0.1,0.6,19.21,18.61,incomplete,0,0.13,0.06,
"35°32'40.9""S 150°21'32.9""E",7,Indigofera_australis,Indigofera,Fabaceae,Resprouter,5,1,0.16,0.05,0.13,0.384615385,0.11,0,47.65,47.65,incomplete,0,0.12,0.07,
"35°32'40.9""S 150°21'32.9""E",7,Indigofera_australis,Indigofera,Fabaceae,Resprouter,5,2,0.23,0.09,0.2,0.45,0.14,1.07,48.93,47.86,incomplete,0,0.16,0.07,
"35°32'40.9""S 150°21'32.9""E",7,Indigofera_australis,Indigofera,Fabaceae,Resprouter,5,3,0.15,0.07,0.13,0.538461538,0.08,0.94,56.61,55.67,incomplete,0,0.12,0.05,
"35°32'40.9""S 150°21'32.9""E",7,Indigofera_australis,Indigofera,Fabaceae,Resprouter,5,4,0.22,0.09,0.19,0.473684211,0.13,0.34,64.91,64.57,incomplete,0,0.16,0.07,
"35°32'40.9""S 150°21'32.9""E",7,Indigofera_australis,Indigofera,Fabaceae,Resprouter,5,5,0.26,0.12,0.25,0.48,0.14,0.86,49.76,48.9,incomplete,0,0.18,0.06,
,,,,,,,,,,,,,,,,,,,,
,,,,,,,,,,,,,,,,,,,,
,,,,,,,,,,,,,,,,,,,,
,,,,,,,,,,,,,,,,,,,,
,,,,,,,,,,,,,,,,,,,,
,,,,,,,,,,,,,,,,,,,,
,,,,,,,,,,,,,,,,,,,,
,,,,,,,,,,,,,,,,,,,,
,,,,,,,,,,,,,,,,,,,,
,,,,,,,,,,,,,,,,,,,,
,,,,,,,,,,,,,,,,,,,,
,,,,,,,,,,,,,,,,,,,,
,,,,,,,,,,,,,,,,,,,,
,,,,,,,,,,,,,,,,,,,,
,,,,,,,,,,,,,,,,,,,,
,,,,,,,,,,,,,,,,,,,,
,,,,,,,,,,,,,,,,,,,,
,,,,,,,,,,,,,,,,,,,,
,,,,,,,,,,,,,,,,,,,,
,,,,,,,,,,,,,,,,,,,,
,,,,,,,,,,,,,,,,,,,,
,,,,,,,,,,,,,,,,,,,,
,,,,,,,,,,,,,,,,,,,,
,,,,,,,,,,,,,,,,,,,,
,,,,,,,,,,,,,,,,,,,,
